{"heatmap_loss": [0.2626924514770508, 0.00014833890600129962, 3.8943187973927706e-05, 1.4831018233962823e-05, 7.813846423232462e-06, 5.009003416489577e-06, 3.4287488688278245e-06, 2.4757921437412733e-06, 1.7456718524044845e-06, 1.1446721828178852e-06, 8.086770435511426e-07, 6.11604662026366e-07, 4.72689833941331e-07, 3.797663339355495e-07], "loss": [20.964130401611328, 20.692502975463867, 20.696748733520508, 20.693002700805664, 20.69293212890625, 20.693458557128906, 20.69419288635254, 20.694921493530273, 20.696748733520508, 20.684818267822266, 20.697338104248047, 20.6937255859375, 20.6939754486084, 20.690210342407227], "softargmax_euclidean_distance_from_heatmap_label": [19.069379806518555, 19.06523895263672, 19.06739044189453, 19.066118240356445, 19.06541633605957, 19.06511688232422, 19.066625595092773, 19.066526412963867, 19.067155838012695, 19.061275482177734, 19.068164825439453, 19.065689086914062, 19.06627082824707, 19.063098907470703], "softargmax_loss": [207.01446533203125, 206.923583984375, 206.96725463867188, 206.9299774169922, 206.9292449951172, 206.93446350097656, 206.94166564941406, 206.94915771484375, 206.96730041503906, 206.84811401367188, 206.97314453125, 206.93710327148438, 206.9397430419922, 206.90206909179688], "val_heatmap_loss": [0.0003117262967862189, 6.652067531831563e-05, 2.233935083495453e-05, 9.653526831243653e-06, 6.332010343612637e-06, 3.943820502172457e-06, 2.9768384592898656e-06, 2.1185510377108585e-06, 1.4282080655902973e-06, 9.221809591508645e-07, 7.144030860217754e-07, 5.253626227386121e-07, 4.2923105070258316e-07, 3.3957994105549005e-07], "val_loss": [20.820327758789062, 20.819978713989258, 20.819910049438477, 20.819889068603516, 20.819883346557617, 20.819881439208984, 20.81987953186035, 20.81987762451172, 20.81987762451172, 20.81987762451172, 20.819875717163086, 20.81987762451172, 20.81987762451172, 20.81987762451172], "val_softargmax_euclidean_distance_from_heatmap_label": [19.134580612182617, 19.13454818725586, 19.134540557861328, 19.134536743164062, 19.134538650512695, 19.134536743164062, 19.134536743164062, 19.134536743164062, 19.134536743164062, 19.13453483581543, 19.13453483581543, 19.13453483581543, 19.13453483581543, 19.13453483581543], "val_softargmax_loss": [208.05906677246094, 208.05804443359375, 208.0577850341797, 208.05772399902344, 208.0577392578125, 208.05767822265625, 208.0577392578125, 208.0577392578125, 208.05767822265625, 208.0576629638672, 208.05764770507812, 208.0576629638672, 208.05763244628906, 208.05764770507812], "learning_rate": [0.0010000000474974513, 0.0010000000474974513, 0.0010000000474974513, 0.0010000000474974513, 0.0005000000237487257, 0.0005000000237487257, 0.0002500000118743628, 0.0002500000118743628, 0.0002500000118743628, 0.0002500000118743628, 0.0001250000059371814, 0.0001250000059371814, 6.25000029685907e-05, 6.25000029685907e-05]}