{"euclidean_distance_error": [19.89101791381836, 17.024089813232422, 10.872920989990234, 8.995870590209961, 8.498418807983398, 8.252169609069824, 8.086309432983398, 7.9884467124938965, 7.917791366577148, 7.8519463539123535, 7.757489204406738, 7.727417469024658, 7.70330810546875, 7.676255702972412, 7.659090995788574, 7.648295879364014, 7.598644256591797, 7.59541130065918, 7.589801788330078, 7.573469161987305], "loss": [232.3351593017578, 170.51087951660156, 75.11785125732422, 50.83369445800781, 45.845985412597656, 43.67915725708008, 42.23991775512695, 41.35489273071289, 40.80643081665039, 40.225379943847656, 39.3406982421875, 39.12576675415039, 38.93830108642578, 38.73576736450195, 38.59267807006836, 38.474266052246094, 38.075653076171875, 38.00537872314453, 37.98338317871094, 37.88138961791992], "val_euclidean_distance_error": [19.17349624633789, 13.899931907653809, 9.022340774536133, 7.776158809661865, 7.457235336303711, 7.164506435394287, 7.013695240020752, 6.894986629486084, 6.948564529418945, 6.964956283569336, 6.850948810577393, 6.81859016418457, 6.6129584312438965, 6.83477258682251, 6.616944789886475, 6.594727516174316, 6.64072847366333, 6.538701057434082, 6.539461135864258, 6.539332866668701], "val_loss": [209.48109436035156, 119.2535171508789, 50.72397994995117, 38.884429931640625, 36.416996002197266, 33.98932647705078, 32.872806549072266, 32.28847122192383, 33.029014587402344, 32.81187438964844, 32.25718688964844, 31.859291076660156, 30.88909339904785, 32.153724670410156, 30.799148559570312, 30.745363235473633, 31.11717987060547, 30.52437973022461, 30.583433151245117, 30.6439151763916], "learning_rate": [0.0010000000474974513, 0.0010000000474974513, 0.0010000000474974513, 0.0010000000474974513, 0.0010000000474974513, 0.0010000000474974513, 0.0010000000474974513, 0.0010000000474974513, 0.0010000000474974513, 0.0010000000474974513, 0.0005000000237487257, 0.0005000000237487257, 0.0005000000237487257, 0.0005000000237487257, 0.0005000000237487257, 0.0005000000237487257, 0.0005000000237487257, 0.0005000000237487257, 0.0005000000237487257, 0.0005000000237487257]}